,Unnamed: 0.6,Unnamed: 0.5,Unnamed: 0.4,Unnamed: 0.3,Unnamed: 0.2,Unnamed: 0.1,Unnamed: 0,Models,LUNA,LUNA_CI_Lower,LUNA_CI_Upper,DLCS,DLCS_CI_Lower,DLCS_CI_Upper,NSCLC_Radiogenomics,NSCLC_Radiogenomics_CI_Lower,NSCLC_Radiogenomics_CI_Upper,NSCLC_Radiomics,NSCLC_Radiomics_CI_Lower,NSCLC_Radiomics_CI_Upper,C4C_Kits,C4C_Kits_CI_Lower,C4C_Kits_CI_Upper,Colorectal_Liver_Metastases,Colorectal_Liver_Metastases_CI_Lower,Colorectal_Liver_Metastases_CI_Upper
0,0,0,0,0,0,0,0,CTClipVitExtractor,0.5725637325637326,0.5581463368798577,0.5869811282476075,0.4944723515478231,0.4671539228964412,0.5217907801992051,0.5103794642857142,0.470361498214124,0.5503974303573044,0.4497033023735809,0.4264005504005733,0.4730060543465886,0.4925,0.4289656686349597,0.5560343313650403,0.4957407407407408,0.41690718681727734,0.5745742946642043
1,1,1,1,1,1,1,1,CTFMExtractor,0.6543097643097643,0.6258466733983942,0.6827728552211344,0.5920342236379972,0.5766146762970503,0.607453770978944,0.6204241071428572,0.572222439991753,0.6686257742939614,0.5442079463364292,0.5216642412195517,0.5667516514533067,0.4633333333333334,0.4089385164455783,0.5177281502210884,0.45277777777777783,0.3947282845231084,0.5108272710324473
2,2,2,2,2,2,2,2,FMCIBExtractor,0.8860076960076959,0.8715736770355913,0.9004417149798005,0.6757963734378828,0.6551453304354579,0.6964474164403077,0.5879464285714285,0.5088644124250392,0.6670284447178179,0.5770381836945304,0.5496400183540446,0.6044363490350162,0.6869444444444444,0.6193901721003938,0.7544987167884949,0.5772222222222222,0.5094755095590594,0.644968934885385
3,3,3,3,3,3,3,3,MerlinExtractor,0.6376430976430976,0.62534535058461,0.6499408447015851,0.5616576819407009,0.5414973807191465,0.5818179831622552,0.6129464285714284,0.5785473776417718,0.6473454795010851,0.5698787409700723,0.5343422745645349,0.6054152073756097,0.6425,0.5877295623829543,0.6972704376170457,0.43129629629629634,0.3707312493311938,0.4918613432613989
4,4,4,4,4,4,4,4,ModelsGenExtractor,0.806060606060606,0.795694502799469,0.8164267093217431,0.6453197745650576,0.62444825454842,0.6661912945816952,0.6095982142857143,0.568962232863936,0.6502341957074925,0.5773606811145511,0.5399351172418023,0.6147862449872998,0.733611111111111,0.6708833293150559,0.7963388929071661,0.5301851851851851,0.4589974435097188,0.6013729268606514
5,5,5,5,5,5,5,5,PASTAExtractor,0.6647330447330447,0.6543163463915026,0.6751497430745869,0.5563015600751451,0.5319988339945708,0.5806042861557194,0.5698660714285715,0.5100662244271879,0.6296659184299551,0.5571078431372548,0.5268297625394528,0.5873859237350568,0.6041666666666666,0.5394143894294342,0.668918943903899,0.4648148148148148,0.35737941275852,0.5722502168711097
6,6,6,6,6,6,6,6,SUPREMExtractor,0.645021645021645,0.6190486808571002,0.6709946091861899,0.54421914563424,0.5271162865102295,0.5613220047582506,0.5560267857142858,0.5003977245329512,0.6116558468956204,0.5606166150670795,0.5274921284167198,0.5937411017174392,0.7186111111111111,0.6725201738314882,0.764702048390734,0.48203703703703715,0.3892354049870479,0.5748386690870264
7,7,7,7,7,7,7,7,VISTA3DExtractor,0.711120731120731,0.692220769541959,0.7300206926995031,0.607937188597566,0.5892120340124767,0.6266623431826552,0.6220982142857141,0.5666305294367862,0.677565899134642,0.5826367389060888,0.5452398224897671,0.6200336553224105,0.6816666666666666,0.6277743053174273,0.735559028015906,0.4877777777777778,0.4006495284348583,0.5749060271206974
8,8,8,8,8,8,8,8,VocoExtractor,0.5287061087061088,0.4985952602137879,0.5588169571984296,0.541570693457486,0.5227371643281715,0.5604042225868004,0.5671875,0.5122460617958134,0.6221289382041865,0.5244453044375644,0.4911218888927534,0.5577687199823754,0.4744444444444444,0.4203532198684405,0.5285356690204484,0.47444444444444434,0.4285303071017301,0.5203585817871585
